Exp,fps
1618838297.252277,8.121629523747645
1618838297.2758121,13.636611574755905
1618838297.298472,17.717302717834237
1618838297.321295,20.817178335562506
1618838297.3444211,23.226106143305074
1618838297.367247,25.19939017475777
1618838297.389138,26.923905350933875
1618838297.4116638,28.316779815799347
1618838297.43396,29.52620286469782
1618838297.456707,30.52866488989837
1618838297.478933,31.44770960613173
1618838297.501666,32.21294906864311
1618838297.523425,32.9714923404687
1618838297.5456681,33.611669971814216
1618838297.56796,34.18304794286418
1618838297.590517,34.67924945434368
1618838297.61293,35.13964909959817
1618838297.634568,35.61380391039567
1618838297.656715,36.01424647771192
1618838297.6777139,36.458561199340835
1618838297.699233,36.83648285261723
1618838297.720806,37.18351756076125
1618838297.7426949,37.48681849371444
1618838297.76366,37.82422452459678
1618838297.785113,38.1116733006386
1618838297.806724,38.37190940097022
1618838297.828466,38.60893439341074
1618838297.8501198,38.836351935021234
1618838297.872019,39.037575685782514
1618838297.895127,39.16546232870006
1618838297.91656,39.36937875120331
1618838297.94015,39.457265315584145
1618838297.9616268,39.64054434875991
1618838297.983216,39.809383305818024
1618838298.004846,39.968025579536366
1618838298.0257668,40.15069895675101
1618838298.047402,40.29377428516666
1618838298.068939,40.43443609390579
1618838298.090855,40.552807554052215
1618838298.112361,40.68286183591585
1618838298.133899,40.80604884981682
1618838298.1558568,40.90732445644393
1618838298.1768808,41.0409120626876
1618838298.198443,41.148491814255706
1618838298.220868,41.21928476297079
1618838298.2421498,41.32959090892755
1618838298.26367,41.42706544771199
1618838298.285747,41.50087929988017
1618838298.306774,41.609065001851185
1618838298.328924,41.674376426305535
1618838298.352097,41.702406719484266
1618838298.374198,41.765323857959345
1618838298.395672,41.84675245514107
1618838298.417019,41.929600201262076
1618838298.4386299,42.0012768388159
1618838298.4602292,42.07100533926134
1618838298.481673,42.14333614042455
1618838298.5034912,42.20192164267342
1618838298.5245938,42.28032861131336
1618838298.546368,42.33634532910158
1618838298.568025,42.394084287779386
1618838298.589275,42.46200164506013
1618838298.610711,42.52257408714833
1618838298.632579,42.56923986635919
1618838298.654241,42.62029578485274
1618838298.676085,42.664901460238575
1618838298.6975482,42.71863973649613
1618838298.718611,42.7816906946677
1618838298.7400892,42.83205551034394
1618838298.761832,42.874135014326086
1618838298.7833128,42.9219057084321
1618838298.804638,42.97242662308945
1618838298.8262122,43.01539067108134
1618838298.8478389,43.055973347188825
1618838298.869133,43.103770315525345
1618838298.8903759,43.15166105505811
1618838298.911722,43.195914227499976
1618838298.9327412,43.24695954468714
1618838298.953865,43.29433737468619
1618838298.975165,43.33649870342613
1618838298.996384,43.379579892868506
1618838299.017493,43.42422234896446
1618838299.03864,43.46701272693185
1618838299.060543,43.491835184584005
1618838299.081585,43.53526868943476
1618838299.102359,43.58373880569406
1618838299.1235871,43.621245251175644
1618838299.144316,43.66877236163698
1618838299.165046,43.715310182229
1618838299.185964,43.756888671292906
1618838299.207094,43.79320367978409
1618838299.227998,43.83348611526682
1618838299.2487319,43.87647216179378
1618838299.269878,43.91021388945464
1618838299.290922,43.94534863926697
1618838299.311688,43.98540784094876
1618838299.3329,44.015802126734656
1618838299.353843,44.050942667698116
1618838299.37485,44.08415174744679
1618838299.3956952,44.11991793695264
1618838299.4172869,44.14063643805168
1618838299.43852,44.1678134420843
1618838299.4593868,44.201436675434
1618838299.480688,44.22629916880073
1618838299.501513,44.259593899257574
1618838299.522558,44.288237879646296
1618838299.543968,44.309684109222125
1618838299.564655,44.34389511847621
1618838299.5853848,44.376789066536276
1618838299.6064918,44.402356392687985
1618838299.627626,44.42699384145807
1618838299.6485162,44.455540688529
1618838299.6693912,44.48389820666904
1618838299.6907148,44.503973931602076
1618838299.711582,44.53159729805502
1618838299.7324429,44.55888052726984
1618838299.753408,44.58396303417875
1618838299.77498,44.59841395945475
1618838299.795777,44.6255968673581
1618838299.816549,44.65275782874477
1618838299.837966,44.66889641984333
1618838299.8587132,44.69573379220954
1618838299.880238,44.70951898373446
1618838299.9009979,44.73543320494745
1618838299.9221299,44.7550003866832
1618838299.943341,44.77300088551046
1618838299.964845,44.78613562299807
1618838299.985924,44.8057216906599
1618838300.0072498,44.821173939510174
1618838300.028527,44.837141156287785
1618838300.049835,44.85241501152125
1618838300.071125,44.86775738372028
1618838300.0926669,44.87904759237407
1618838300.114284,44.88904700553207
1618838300.135482,44.90514536460816
1618838300.1566331,44.921745328716526
1618838300.178242,44.93133540848323
1618838300.199208,44.95023227543939
1618838300.220489,44.96426149920553
1618838300.2417762,44.97802662763431
1618838300.263314,44.98801595830217
1618838300.284829,44.99818264382069
1618838300.305988,45.0132553019634
1618838300.327389,45.02472138608604
1618838300.348165,45.04476517697933
1618838300.368978,45.06406505028656
1618838300.390132,45.07839040094009
1618838300.410965,45.096941665582406
1618838300.4315038,45.11926171564024
1618838300.452669,45.132830433248095
1618838300.473393,45.15215378763776
1618838300.4940429,45.1722593589046
1618838300.514782,45.190918338533734
1618838300.535908,45.2042144417485
1618838300.5567849,45.22063146089772
1618838300.577734,45.23590524585715
1618838300.599117,45.24532186426865
1618838300.6199439,45.26185703097114
1618838300.6405911,45.28050417990314
1618838300.6614459,45.296265889080765
1618838300.682421,45.3103123175099
1618838300.7032902,45.325538086881785
1618838300.723945,45.34327361744742
1618838300.744912,45.356917455388434
1618838300.765791,45.37148938100914
1618838300.78647,45.3883768569588
1618838300.807468,45.40113671396903
1618838300.82811,45.41812247969972
1618838300.848943,45.43258677825699
1618838300.870551,45.43747602839041
1618838300.8913732,45.4518028816443
1618838300.9122188,45.46568358580445
1618838300.932905,45.48132518385103
1618838300.954129,45.49039825797919
1618838300.9748192,45.50568912125394
1618838300.995971,45.51537760307229
1618838301.0171552,45.52458597703863
1618838301.0378282,45.539635728965486
1618838301.0587661,45.55147825998443
1618838301.079464,45.56595190564405
1618838301.100607,45.575167425791165
1618838301.121505,45.587082724775
1618838301.1422322,45.60081692742194
1618838301.163361,45.60986462050238
1618838301.184057,45.62368939786842
1618838301.204692,45.63806803752627
1618838301.226298,45.64146021431472
1618838301.24704,45.65440489726059
1618838301.267791,45.6671205189138
1618838301.2890182,45.67448229176282
1618838301.31037,45.68040363300316
1618838301.3310552,45.69352779737205
1618838301.3519502,45.70421793097242
1618838301.373098,45.71210984478618
1618838301.3937101,45.725659176412876
1618838301.414585,45.73627112648202
1618838301.435613,45.74515490307949
1618838301.456488,45.75557004738706
1618838301.477152,45.76810611576893
1618838301.4978209,45.780471195499786
1618838301.5194151,45.78307160677398
1618838301.5409868,45.785864498320656
1618838301.562166,45.79271016147006
1618838301.58354,45.79747548151331
1618838301.604767,45.8036996430216
1618838301.626164,45.80812311444537
1618838301.647552,45.81261621908257
1618838301.6687,45.81947918231615
1618838301.689971,45.82504261838592
1618838301.7115169,45.82780399055423
1618838301.7323148,45.83798683037707
1618838301.753835,45.840920329994084
1618838301.774922,45.84809943484146
1618838301.796504,45.85035045522542
1618838301.8174138,45.85914332134099
1618838301.838754,45.86368971685117
1618838301.860378,45.86543209041535
1618838301.881558,45.87144380579799
1618838301.903003,45.87485548896836
1618838301.924523,45.87751911893476
1618838301.945485,45.88547442362342
1618838301.966552,45.89236462682686
1618838301.987825,45.89723957947427
1618838302.0097332,45.89611864310584
1618838302.0315788,45.89558814890242
1618838302.05302,45.89880937269935
1618838302.074547,45.901232276209754
1618838302.095784,45.90630523102348
1618838302.1170619,45.91095760233332
1618838302.138782,45.91151931996656
1618838302.159811,45.918382559760985
1618838302.18117,45.92218880987105
1618838302.202456,45.92662384123974
1618838302.2246752,45.92260275182365
1618838302.246169,45.92514045764501
1618838302.2680051,45.92458249495024
1618838302.289294,45.9289063164649
1618838302.310543,45.93355807323778
1618838302.3318799,45.93738599743904
1618838302.353436,45.93924802427736
1618838302.374731,45.943398114795585
1618838302.39607,45.94712207732635
1618838302.417412,45.95078991866143
1618838302.438071,45.96034037022561
1618838302.4593558,45.964409288863045
1618838302.480581,45.96897841420105
1618838302.501539,45.975779140547026
1618838302.522808,45.97988417148049
1618838302.5441122,45.98366822617169
1618838302.565692,45.985071038657445
1618838302.586694,45.99134996155783
1618838302.608056,45.994550010859825
1618838302.629806,45.99448066232052
1618838302.650953,45.99943460537465
1618838302.672131,46.0040934622771
1618838302.69412,46.0020036028913
1618838302.7149801,46.00924409855359
1618838302.7363698,46.0120729972621
1618838302.757833,46.01428361534404
1618838302.779157,46.01760952323809
1618838302.800444,46.02121066464855
1618838302.821752,46.02461508841469
1618838302.843155,46.02722886855796
1618838302.864218,46.03255198888523
1618838302.885791,46.03375750979955
1618838302.9073222,46.0352886447211
1618838302.9284558,46.03995992626709
1618838302.949822,46.0427620434465
1618838302.9711099,46.04615844945296
1618838302.992507,46.04866627712906
1618838303.013673,46.05297145327543
1618838303.035127,46.05500762701404
1618838303.057076,46.0531753917472
1618838303.0782049,46.05771199406696
1618838303.0996969,46.059400547788634
1618838303.121278,46.0603928517608
1618838303.142275,46.065866872305584
1618838303.163628,46.06856958582865
1618838303.1850739,46.07055333706852
1618838303.206053,46.07606368238584
1618838303.227393,46.07881576459596
1618838303.2488499,46.08065258047569
1618838303.26982,46.08613873881943
1618838303.2911098,46.0892014299337
1618838303.3125498,46.09110999522108
1618838303.3340778,46.09236652392
1618838303.3550699,46.09756783128611
1618838303.376246,46.10139104544509
1618838303.398043,46.100613871945896
1618838303.418901,46.10672434776871
1618838303.4399989,46.11103346710287
1618838303.4613178,46.11371895772888
1618838303.482187,46.11964569408571
1618838303.503505,46.12228460932307
1618838303.525124,46.122735256437714
1618838303.546689,46.12357096789223
1618838303.567905,46.12690116216494
1618838303.5894248,46.128038742599195
1618838303.61061,46.13155299481722
1618838303.63148,46.13727932154823
1618838303.653104,46.137636079202224
1618838303.674794,46.137525268697615
1618838303.695783,46.14234044001518
1618838303.716886,46.146326357749395
1618838303.738133,46.149281274119616
1618838303.759267,46.15300384412291
1618838303.780527,46.1558283911266
1618838303.801697,46.159250613558356
1618838303.8235352,46.15805863686738
1618838303.8445451,46.16255862086527
1618838303.8664079,46.16117850824586
1618838303.887893,46.16239575732074
1618838303.908733,46.1680040391841
1618838303.929963,46.17092328759912
1618838303.9514198,46.172288008367886
1618838303.9721868,46.178299969268046
1618838303.993592,46.17998306054123
1618838304.014864,46.18254770236016
1618838304.036205,46.18463516816636
1618838304.0573041,46.18831640555594
1618838304.078537,46.19109124942153
1618838304.099966,46.19255697321119
1618838304.120919,46.1971519956383
1618838304.142068,46.200428295081565
1618838304.1634939,46.2018589069152
1618838304.1845691,46.205592492469975
1618838304.206757,46.20202407252616
1618838304.228674,46.200254439450056
1618838304.249457,46.20584041822886
1618838304.2708201,46.20765383578136
1618838304.292235,46.20911453145423
1618838304.3138251,46.209434519004326
1618838304.334795,46.21373505513035
1618838304.35622,46.21510724810622
1618838304.3779771,46.21434821697457
1618838304.398795,46.219563007787585
1618838304.420299,46.22039888615696
1618838304.4415412,46.22288593545616
1618838304.463014,46.223896281757966
1618838304.484431,46.225265234453865
1618838304.505646,46.22787958681223
1618838304.52678,46.23099764059698
1618838304.5482318,46.23210999306384
1618838304.569464,46.23458298422191
1618838304.5913029,46.23328080607256
1618838304.612297,46.23720058071786
1618838304.633617,46.23910199666306
1618838304.655301,46.238743921863964
1618838304.676712,46.24007262738743
1618838304.697983,46.24224302888277
1618838304.7191832,46.2448338525886
1618838304.740646,46.24581225776785
1618838304.761788,46.248730125165046
1618838304.783051,46.250900684029915
1618838304.804214,46.25366185680701
1618838304.825619,46.254953405280574
1618838304.846773,46.257742179040264
1618838304.868287,46.25835783863379
1618838304.889482,46.26088354937209
1618838304.910767,46.262848542373305
1618838304.932357,46.26300634443949
1618838304.9534771,46.26593634650681
1618838304.974684,46.2683315958279
1618838304.9964359,46.26752032783843
1618838305.017341,46.271675586113176
1618838305.0384178,46.274796684853335
1618838305.059632,46.27711340767766
1618838305.081258,46.277014207043365
1618838305.102241,46.28064760296974
1618838305.1234949,46.28269293722353
1618838305.144786,46.28451377556877
1618838305.166353,46.2847354808704
1618838305.187884,46.28516276369824
1618838305.2091851,46.28690529835314
1618838305.23088,46.286387580732715
1618838305.2519932,46.289188999866674
1618838305.2733052,46.29084476371348
1618838305.294917,46.29079115738122
1618838305.315708,46.295374505760236
1618838305.337044,46.29686598239087
1618838305.3585432,46.29743831777711
1618838305.379575,46.30062267065143
1618838305.401032,46.30141179411805
1618838305.4221811,46.303910895840794
1618838305.4430752,46.307828705296856
1618838305.464455,46.30902105728774
1618838305.485813,46.31032922575472
1618838305.507072,46.31217797817741
1618838305.528288,46.31425447980282
1618838305.549624,46.31566046488098
1618838305.571112,46.31622539109965
1618838305.592028,46.31991796647998
1618838305.613345,46.32139742108861
1618838305.635576,46.31790304510823
1618838305.656438,46.32185692714639
1618838305.677696,46.323645530528566
1618838305.699239,46.323884699967664
1618838305.720164,46.32745502337441
1618838305.7413602,46.32954472223464
1618838305.76268,46.330969450053715
1618838305.783471,46.3352138959422
1618838305.804617,46.3375417887974
1618838305.82604,46.33838241560723
1618838305.847898,46.33690693346938
1618838305.8684008,46.34262302679119
1618838305.8895402,46.34494749893669
1618838305.910898,46.34610496857575
1618838305.931653,46.35042649208612
1618838305.952757,46.352904723474325
1618838305.9739258,46.35501998297075
1618838305.9959161,46.352838028635226
1618838306.0167859,46.356507874249196
1618838306.038076,46.35797493548889
1618838306.060686,46.35264058901442
1618838306.08578,46.334370702208
1618838306.110453,46.31842559217718
1618838306.134624,46.305148932682975
1618838306.157871,46.29668087133012
1618838306.178754,46.30034803717465
1618838306.199818,46.30306924304294
1618838306.22049,46.30777954197096
1618838306.241428,46.311116544558594
1618838306.262187,46.31534597125471
1618838306.282979,46.319394290894316
1618838306.3037791,46.32337882071141
1618838306.3244932,46.32777860367858
1618838306.345393,46.331218517557254
1618838306.366261,46.33480839690657
1618838306.386904,46.33951330332894
1618838306.407913,46.3423642386968
1618838306.428637,46.34662262698034
1618838306.449276,46.35128479967554
1618838306.4702091,46.354467366294394
1618838306.490923,46.35872014469048
1618838306.511607,46.36310238859507
1618838306.532326,46.36728783589298
1618838306.553751,46.36798609936585
1618838306.574431,46.37234344966827
1618838306.5952692,46.3758978859774
1618838306.6161358,46.37929982225133
1618838306.636818,46.383594217385706
1618838306.6573708,46.38848826633625
1618838306.67803,46.392855960968845
1618838306.699113,46.39513946128138
1618838306.719819,46.39924643453071
1618838306.740566,46.40312811185776
1618838306.761622,46.405514013219445
1618838306.7825432,46.40853370062373
1618838306.803285,46.412399077581995
1618838306.824616,46.41342333961909
1618838306.8453178,46.417457410181704
1618838306.865897,46.422051213792855
1618838306.8867042,46.42554556933757
1618838306.907755,46.427866537268585
1618838306.92854,46.43144259736878
1618838306.949224,46.435471649464326
1618838306.9702551,46.43785573353573
1618838306.991041,46.441378659983705
1618838307.0117571,46.44521104339622
1618838307.032882,46.447113852074224
1618838307.0536692,46.4505904766818
1618838307.075315,46.4500452385235
1618838307.096054,46.453724665663614
1618838307.1171682,46.45564457106722
1618838307.1380951,46.45842435604378
1618838307.158871,46.46188739353398
1618838307.1801012,46.46324652732004
1618838307.2009401,46.46639913405695
1618838307.222212,46.467545144359505
1618838307.2433522,46.469288200251384
1618838307.264457,46.4711936318481
1618838307.285303,46.4742717151773
1618838307.306186,46.4771682139404
1618838307.327565,46.47779229309955
1618838307.348813,46.47900954111323
1618838307.36971,46.48181486879044
1618838307.39108,46.4824616410063
1618838307.411938,46.48542924917668
1618838307.4327931,46.48839386675417
1618838307.4536698,46.491247441528536
1618838307.474406,46.49472318723744
1618838307.495659,46.49586606412397
1618838307.5163388,46.49956922914593
1618838307.5374231,46.501452641969465
1618838307.5582788,46.5043450879378
1618838307.579702,46.50470271629567
1618838307.6009212,46.505964843591464
1618838307.6217651,46.508884006938594
1618838307.6425679,46.51197298082394
1618838307.663958,46.51245793470258
1618838307.6851468,46.5138265902021
1618838307.705917,46.517032466714085
1618838307.727096,46.51843045117216
1618838307.747634,46.5226310939938
1618838307.768194,46.52671930796815
1618838307.7892091,46.52880132802205
1618838307.810669,46.52894100130281
1618838307.8316128,46.531327777044304
1618838307.8529,46.532212506926214
1618838307.87449,46.531777248659765
1618838307.8955562,46.53361273315685
1618838307.916845,46.5344833963202
1618838307.938308,46.53459722409563
1618838307.959184,46.53722853629613
1618838307.9804108,46.53835290171238
1618838308.001879,46.538437024067456
1618838308.0235388,46.53769636016469
1618838308.0443552,46.54056555398984
1618838308.0654662,46.5421640917603
1618838308.0869792,46.542048961687954
1618838308.107928,46.54432522660528
1618838308.129199,46.54523028207228
1618838308.151503,46.5417696051761
1618838308.1723368,46.54451779381521
1618838308.1934562,46.54605664519522
1618838308.2149692,46.545935290505724
1618838308.2366028,46.545307355229916
1618838308.257807,46.546480299831224
1618838308.278987,46.54774897686882
1618838308.3007538,46.54656697585522
1618838308.3217402,46.54864158823607
1618838308.3429692,46.54969139427295
1618838308.3646872,46.54871536670998
1618838308.385925,46.549727946155826
1618838308.407339,46.5500102720356
1618838308.4288929,46.54971478564963
1618838308.4497228,46.55239746171949
1618838308.470863,46.55379780680474
1618838308.492098,46.55480371649902
1618838308.5139031,46.55347496657153
1618838308.535059,46.55479604703315
1618838308.556881,46.55340305376323
1618838308.5782661,46.55379220815292
1618838308.599166,46.556152474014866
1618838308.620474,46.55684704152558
1618838308.642074,46.556358208789284
1618838308.6632059,46.55776023360378
1618838308.684459,46.55866556287437
1618838308.70618,46.55769344721627
1618838308.727131,46.55981189835993
1618838308.748329,46.5609328986384
1618838308.7696772,46.561449817022954
1618838308.791548,46.55987677324105
1618838308.812397,46.56237835150693
1618838308.833859,46.56244027512678
1618838308.85538,46.562263724227236
1618838308.87629,46.56450963740633
1618838308.89763,46.56504610109509
1618838308.9193642,46.5640245159165
1618838308.9403882,46.56580569596322
1618838308.9619892,46.56530585546467
1618838308.983657,46.56455251507211
1618838309.00568,46.5624061700156
1618838309.026753,46.56398551406178
1618838309.0483341,46.563574632768606
1618838309.069953,46.563017055714916
1618838309.090723,46.565766370103205
1618838309.11254,46.564437420650606
1618838309.133964,46.56463763132436
1618838309.154906,46.56669960429116
1618838309.1762109,46.56735893763336
1618838309.197353,46.568641058278175
1618838309.218303,46.57065831802829
1618838309.239481,46.57178793387731
1618838309.260771,46.57249131917612
1618838309.282465,46.571636392360276
1618838309.3035069,46.57328626939845
1618838309.324679,46.57443016225695
1618838309.346056,46.574788551278516
1618838309.3673768,46.575358807984585
1618838309.388623,46.576212019485006
1618838309.410609,46.57425585209189
1618838309.431853,46.575115541644614
1618838309.453331,46.575087926706715
1618838309.474802,46.575086815961825
1618838309.49683,46.57298811968352
1618838309.517474,46.576099696423924
1618838309.5396638,46.57339846733231
1618838309.5613241,46.57269225070619
1618838309.58226,46.574692356089216
1618838309.60341,46.57589417700315
1618838309.6246378,46.576797456234615
1618838309.645813,46.57789489805872
1618838309.666937,46.579178102426496
1618838309.688266,46.57969666664543
1618838309.709645,46.58002834386776
1618838309.730748,46.581379097673455
1618838309.751961,46.58231939547558
1618838309.773491,46.58208498881634
1618838309.794554,46.58357630484545
1618838309.815746,46.58458163853344
1618838309.8375082,46.5834978116379
1618838309.85884,46.583994870575836
1618838309.88094,46.58168097759421
1618838309.902529,46.58123850196929
1618838309.923279,46.583848504322376
1618838309.944662,46.58415626807379
1618838309.96618,46.58396947456866
1618838309.987314,46.58517449764228
1618838310.0088902,46.58477322338292
1618838310.0302389,46.58519657325185
1618838310.051692,46.5852472105729
1618838310.072883,46.58623703494593
1618838310.094072,46.58723081026456
1618838310.1157398,46.58649938648276
1618838310.1368651,46.58771867783132
1618838310.1580648,46.5886694053436
1618838310.1795468,46.588603170998105
1618838310.2008572,46.58915730312581
1618838310.22232,46.58915809190666
1618838310.243583,46.58987648497606
1618838310.2645,46.59181625405756
1618838310.285876,46.59212433484612
1618838310.3071868,46.59266123090678
1618838310.328684,46.59253982980313
1618838310.3496242,46.594378312616364
1618838310.3709471,46.59487028992506
1618838310.392116,46.59589820379598
1618838310.413685,46.595519799369775
1618838310.434519,46.597713074431425
1618838310.455938,46.59786091056272
1618838310.477571,46.59725772890809
1618838310.4985442,46.5989533261742
1618838310.519727,46.59991974956128
1618838310.544811,46.58732906643092
1618838310.565818,46.58891725570141
1618838310.5872881,46.58889763534966
1618838310.608798,46.58873982800149
1618838310.6299698,46.58974889236391
1618838310.651528,46.589424851331664
1618838310.674329,46.584826502528614
1618838310.6954181,46.58612181740127
1618838310.716437,46.58765312379046
1618838310.737642,46.58854292200989
1618838310.76054,46.5836436097438
1618838310.78143,46.585611609017214
1618838310.802627,46.58652760039671
1618838310.824182,46.58622292048009
1618838310.845293,46.587423816074306
1618838310.866555,46.58811570653535
1618838310.88818,46.587572935716274
1618838310.9090738,46.58949984430254
1618838310.930284,46.59036088183453
1618838310.9520378,46.589382308709354
1618838310.973082,46.590792778094844
1618838310.9945989,46.59061290023392
1618838311.015788,46.591537392553214
1618838311.037162,46.59183595992412
1618838311.0585868,46.591969712491654
1618838311.0802839,46.59117796761971
1618838311.101929,46.590575406488455
1618838311.123168,46.59132306637792
1618838311.144434,46.59197537774641
1618838311.165771,46.592393357207065
1618838311.186678,46.594238590386986
1618838311.2080379,46.594575766331616
1618838311.2294002,46.59490531163481
1618838311.2504718,46.59619075432435
1618838311.271957,46.59611162165711
1618838311.293143,46.59701636480155
1618838311.314535,46.59723842629635
1618838311.3356721,46.59829949994112
1618838311.356786,46.599436027338335
1618838311.377994,46.6002584910724
1618838311.399213,46.601039322307365
1618838311.420359,46.602065661051
1618838311.441439,46.60329410528418
1618838311.462351,46.60506844072906
1618838311.4832032,46.607032422958895
1618838311.504272,46.608287120405066
1618838311.525242,46.60985867279574
1618838311.545942,46.61229859949464
1618838311.566556,46.615009201788965
1618838311.587749,46.61584202734925
1618838311.608651,46.61761572650446
1618838311.6294441,46.61973153931043
1618838311.650507,46.6209712284564
1618838311.6712792,46.623143480867384
1618838311.6920261,46.62538957779027
1618838311.712995,46.626922700584736
1618838311.7335649,46.629722140949255
1618838311.754665,46.63082383606353
1618838311.775486,46.6328106544024
1618838311.796462,46.63429900876207
1618838311.817112,46.63681819524909
1618838311.8382452,46.63779882098829
1618838311.858925,46.64021096311085
1618838311.880399,46.640105759151446
1618838311.90124,46.64199943488039
1618838311.92183,46.64467922116095
1618838311.942949,46.645685783724815
1618838311.9638321,46.64743156680229
1618838311.984404,46.65014591802135
1618838312.006342,46.64857544392102
1618838312.0287209,46.645625798051285
1618838312.0512269,46.642288029397506
1618838312.072844,46.6417317425893
1618838312.094037,46.642504780021454
1618838312.115414,46.64269983694406
1618838312.138391,46.63792216064166
1618838312.159981,46.63745915396854
1618838312.18116,46.638274011818346
1618838312.202534,46.63848631774091
1618838312.2240572,46.63823456792822
1618838312.245297,46.63885667720572
1618838312.266537,46.639473959583
1618838312.2879622,46.639526464336
1618838312.308955,46.64090305747589
1618838312.330226,46.64142284627145
1618838312.351681,46.64137740527448
1618838312.372593,46.6429935433895
1618838312.3937678,46.64379853993118
1618838312.415207,46.643801827037066
1618838312.436815,46.64328405302701
1618838312.457804,46.64465734704238
1618838312.479091,46.64511523363014
1618838312.500659,46.644725213451665
1618838312.5215921,46.64625752138419
1618838312.543217,46.645691459446375
1618838312.565305,46.64372486421494
1618838312.586085,46.64571383469173
1618838312.607434,46.645982640587725
1618838312.628926,46.6458233600735
1618838312.6498508,46.647365567479056
1618838312.671169,46.64772404467552
1618838312.692359,46.648462200673976
1618838312.714015,46.64780948752281
1618838312.734745,46.64992054134413
1618838312.755868,46.65085870216416
1618838312.777339,46.650750878983224
1618838312.798344,46.652036690071824
1618838312.819615,46.652522199781146
1618838312.840818,46.653214247344266
1618838312.8624089,46.6527479612622
1618838312.883371,46.65415150538983
1618838312.9045079,46.65503080056103
1618838312.926302,46.6539643810592
1618838312.947087,46.655882709386766
1618838312.9681542,46.65695940951861
1618838312.989462,46.65732721483435
1618838313.0105011,46.65848726383864
1618838313.031421,46.65998753889066
1618838313.052154,46.66203772553528
1618838313.07289,46.664070873190134
1618838313.093544,46.666338436313104
1618838313.114311,46.668267317336586
1618838313.135517,46.66891702060386
1618838313.156297,46.670802564972405
1618838313.1771379,46.672505818796516
1618838313.198148,46.67371087054997
1618838313.2188742,46.67573953545147
1618838313.24003,46.67652004694467
1618838313.260801,46.67840962381108
1618838313.281617,46.6801642918907
1618838313.302411,46.68197794322915
1618838313.3231921,46.68382441299722
1618838313.3445399,46.684033702788845
1618838313.3670762,46.68082692806288
1618838313.388341,46.68127788614382
1618838313.4094322,46.68222658987686
1618838313.430173,46.68417517497517
1618838313.4507608,46.68655644677319
1618838313.4717598,46.68775753988927
1618838313.492415,46.68993422463847
1618838313.513288,46.69148985647219
1618838313.534009,46.69347132005918
1618838313.555826,46.692329387780774
1618838313.5766132,46.69412013412156
1618838313.597404,46.69589218240327
1618838313.618732,46.69613900555175
1618838313.639429,46.69816703334722
1618838313.6601422,46.70015043255712
1618838313.6815202,46.70024976477694
1618838313.702327,46.7019578196847
1618838313.7231948,46.70348990773741
1618838313.743995,46.7052092980201
1618838313.764761,46.70701984868007
1618838313.7857862,46.70809959271498
1618838313.806707,46.709465088482354
1618838313.827753,46.7104830959852
1618838313.8484201,46.712554624082365
1618838313.869666,46.71300533077825
1618838313.890622,46.71426311143482
1618838313.911942,46.71450454381975
1618838313.9325461,46.7167331184919
1618838313.95348,46.71804542158994
1618838313.974606,46.71881919520156
1618838313.9953449,46.72066025542209
1618838314.016234,46.72208731309981
1618838314.038044,46.7209631284073
1618838314.0587058,46.723009930559336
1618838314.079416,46.72491942606224
1618838314.100534,46.72569817355551
1618838314.122304,46.72468766547101
1618838314.14346,46.72536312660035
1618838314.164623,46.72601496711744
1618838314.18639,46.72501606941895
1618838314.207532,46.72572689245928
1618838314.228711,46.72633485120821
1618838314.2500942,46.72638454365962
1618838314.271422,46.72658403119866
1618838314.292614,46.72715327694846
1618838314.314155,46.7267721535671
1618838314.335349,46.727334322395244
1618838314.35675,46.72733364430712
1618838314.3780081,46.72771764724434
1618838314.398997,46.72883396619925
1618838314.4201841,46.72940976707124
1618838314.441292,46.73019470086524
1618838314.46226,46.73135786614235
1618838314.483497,46.73179384629285
1618838314.504946,46.731658586559554
1618838314.526337,46.7316821433989
1618838314.5472581,46.732963940064224
1618838314.568504,46.73337172159663
1618838314.58992,46.7333235055903
1618838314.611199,46.73363896484932
1618838314.6324952,46.73391360704743
1618838314.653635,46.73460093472626
1618838314.6753862,46.733659177122846
1618838314.696477,46.73447282717717
1618838314.7178502,46.734540532378055
1618838314.73958,46.73365801206262
1618838314.760511,46.73489545477619
1618838314.7818,46.7351821431497
1618838314.80337,46.73472245600585
1618838314.824669,46.73498488855062
1618838314.845248,46.73714341902073
1618838314.8661609,46.7384168080142
1618838314.88688,46.740197820284955
1618838314.907524,46.74216923826407
1618838314.928169,46.74413870918646
1618838314.949398,46.744569044253694
1618838314.9702988,46.74585773688506
1618838314.991095,46.74741821287252
1618838315.0121112,46.74839994374535
1618838315.0330508,46.74957781556593
1618838315.054235,46.75011394642927
1618838315.075328,46.75088847583912
1618838315.0963368,46.75187975950833
1618838315.1171572,46.75336255909561
1618838315.1379762,46.754841930319735
1618838315.159199,46.7552702146799
1618838315.1800692,46.75661183641412
1618838315.2011032,46.75752603882357
1618838315.221699,46.75957008389032
1618838315.2426581,46.76067236436534
1618838315.26368,46.7616096448908
1618838315.284302,46.76357246593902
1618838315.3057249,46.763475129175845
1618838315.3265579,46.76489162305057
1618838315.3472798,46.76658724946324
1618838315.368578,46.766807211978964
1618838315.3892748,46.768560793378796
1618838315.410103,46.76998036809561
1618838315.431092,46.77098015855909
1618838315.45195,46.77231716280979
1618838315.472836,46.773577181036096
1618838315.4939468,46.77426126207412
1618838315.5148969,46.77535337011798
1618838315.53538,46.7776272551122
1618838315.556148,46.77917764376429
1618838315.577064,46.7803467036226
1618838315.5980082,46.78144219172789
1618838315.6188009,46.78291725832635
1618838315.639432,46.78479593536286
1618838315.660152,46.78645077336869
1618838315.6809049,46.78801616601423
1618838315.7029,46.786446790107874
1618838315.724193,46.78665238114214
1618838315.744936,46.78823729747703
1618838315.765558,46.79011996568224
1618838315.786549,46.79107805089487
1618838315.807318,46.7925851206111
1618838315.8282712,46.793633391936794
1618838315.849697,46.793494486353524
1618838315.870548,46.79478905608081
1618838315.891157,46.7966893314368
1618838315.911799,46.79850072298093
1618838315.932797,46.79942209095457
1618838315.9534779,46.80112703063636
1618838315.974184,46.80277110611292
1618838315.995626,46.80258320577023
1618838316.0162492,46.80442274262904
1618838316.037066,46.805780498025136
1618838316.0577412,46.80748640839501
1618838316.0791051,46.807489134936915
1618838316.100464,46.80750172444529
1618838316.1245599,46.80076991214827
1618838316.149058,46.79307105028362
1618838316.1729732,46.78681689278194
1618838316.1977549,46.778453886093835
1618838316.2227101,46.769688821305905
1618838316.243448,46.77126059847752
1618838316.2641768,46.77285341215282
1618838316.2849338,46.77437440840335
1618838316.3057091,46.77584820595849
1618838316.326399,46.777525930402646
1618838316.347956,46.77708973656537
1618838316.368937,46.77805491754042
1618838316.389737,46.77945516939459
1618838316.4108999,46.77997655192572
1618838316.431565,46.78169887506333
1618838316.452391,46.78303256000739
1618838316.4730198,46.78483741157537
1618838316.494286,46.78509941059037
1618838316.515337,46.78587728832975
1618838316.53637,46.78669928338544
1618838316.5575528,46.787160676631906
1618838316.5782888,46.788693979986675
1618838316.598999,46.79028650087908
1618838316.6196449,46.792026884892636
1618838316.641205,46.791576429735066
1618838316.662084,46.792755907994994
1618838316.683137,46.79351408142133
1618838316.7060359,46.78986294554447
1618838316.7267299,46.791482052073356
1618838316.7473762,46.79321223168451
1618838316.768458,46.793897525845225
1618838316.789108,46.79561197546506
1618838316.8097448,46.797353739215275
1618838316.8307142,46.79830559679311
1618838316.851727,46.79914627810903
1618838316.872483,46.80059910844859
1618838316.894043,46.800142697429685
1618838316.914688,46.801851574245475
1618838316.935683,46.80272982601654
1618838316.95646,46.804120820399575
1618838316.977482,46.804931153926454
1618838316.998394,46.80599654269771
1618838317.019255,46.80718441512815
1618838317.039972,46.808703626423956
1618838317.061107,46.809242703214196
1618838317.0818,46.81081289683002
1618838317.10272,46.811852500709186
1618838317.123451,46.81333009574476
1618838317.1442392,46.81467130829719
1618838317.1653702,46.81520829473657
1618838317.1865852,46.815548086672486
1618838317.207289,46.81707631940482
1618838317.228427,46.81759511695965
1618838317.249386,46.81852468864563
1618838317.270626,46.81880145754923
1618838317.291747,46.819356292375176
1618838317.3126242,46.82047365672061
1618838317.3334138,46.821788009256856
1618838317.354113,46.82331496511218
1618838317.374801,46.82486192716413
1618838317.395978,46.82527589906503
1618838317.4166038,46.82696077547024
1618838317.437283,46.82852001638555
1618838317.457983,46.83002770891419
1618838317.47921,46.83031955083778
1618838317.5002759,46.83098090287579
1618838317.5209332,46.83258019515406
1618838317.54209,46.83302908193938
1618838317.562895,46.834283811551174
1618838317.584213,46.834361383416635
1618838317.605367,46.83481390438207
1618838317.626464,46.83539573323691
1618838317.64719,46.836823237146774
1618838317.6684,46.83714413386192
1618838317.68919,46.83841888478357
1618838317.710542,46.83841432143795
1618838317.7312992,46.83976475662519
1618838317.7525902,46.83989735177112
1618838317.773515,46.84086009119484
1618838317.794577,46.84151034643313
1618838317.8158772,46.84161809608207
1618838317.836566,46.84311227569635
1618838317.857443,46.844176345022454
1618838317.8783062,46.84526762311015
1618838317.9001012,46.84425920714767
1618838317.92084,46.84562754503661
1618838317.9416058,46.84693463209373
1618838317.9627352,46.84742508839931
1618838317.98353,46.84866261213949
1618838318.004493,46.8495206331181
1618838318.0254788,46.8503231236637
1618838318.046561,46.8509134613431
1618838318.067389,46.85206648656879
1618838318.088783,46.85195645325346
1618838318.10989,46.85248530748004
1618838318.130789,46.853474899393596
1618838318.151434,46.855033096302364
1618838318.172621,46.85537693487521
1618838318.193579,46.85623391809312
1618838318.214467,46.85724253379875
1618838318.2355,46.85792723840413
1618838318.2562969,46.85913401196403
1618838318.277169,46.86017222508222
1618838318.297961,46.86138327245133
1618838318.3194602,46.861030617053125
1618838318.34019,46.862379805539035
1618838318.360969,46.86361599755236
1618838318.381569,46.86524449471008
1618838318.40254,46.8660524973119
1618838318.4231749,46.86759842395256
1618838318.444122,46.86845530579063
1618838318.465081,46.869284144332084
1618838318.485842,46.870545893428464
1618838318.506943,46.87105972612613
1618838318.527794,46.87212014516057
1618838318.548368,46.87378467808028
1618838318.569113,46.875072149131576
1618838318.590205,46.875597011517605
1618838318.610816,46.87717481927615
1618838318.6313841,46.87884116992846
1618838318.652208,46.879946728769355
1618838318.673006,46.88110672832074
1618838318.69397,46.88190360375767
1618838318.7147279,46.88314635204184
1618838318.736077,46.88310431499966
1618838318.7567759,46.88447139145621
1618838318.777567,46.88563443561845
1618838318.7988749,46.88567877864652
1618838318.819584,46.887019985488536
1618838318.840395,46.888138351144065
1618838318.861331,46.88898056039924
1618838318.882347,46.88964870551011
1618838318.903031,46.89103483370101
1618838318.9238741,46.89207408323701
1618838318.944515,46.8935455549709
1618838318.965646,46.89395979694733
1618838318.9865322,46.8949010236219
1618838319.0080981,46.89438506926657
1618838319.028857,46.895596019509114
1618838319.04953,46.89698866589199
1618838319.070552,46.89763058494835
1618838319.091267,46.89893111872027
1618838319.112056,46.90006919011177
1618838319.1334422,46.89993049993826
1618838319.154687,46.900096574245325
1618838319.175274,46.90166001032018
1618838319.19638,46.90211741081823
1618838319.21743,46.90269284838967
1618838319.2384262,46.903381747392956
1618838319.259292,46.90434486966331
1618838319.279968,46.90570851050132
1618838319.301067,46.90617470628729
1618838319.321679,46.90766934986646
1618838319.342431,46.90886346126368
1618838319.3637278,46.90890973349533
1618838319.384713,46.9096114244135
1618838319.4053938,46.9109519700086
1618838319.426357,46.911696713997095
1618838319.447173,46.91274905259322
1618838319.4682372,46.91327861102316
1618838319.488888,46.91467370240676
1618838319.509537,46.9160704118172
1618838319.5309272,46.91591262319724
1618838319.551689,46.917069129937666
1618838319.572792,46.91751063975969
1618838319.593345,46.91910003112063
1618838319.614319,46.91980591299849
1618838319.635797,46.91946393979273
1618838319.6567612,46.92018898049399
1618838319.677652,46.9210687395431
1618838319.698633,46.92175560207657
1618838319.719329,46.923037321123076
1618838319.740198,46.92395559481266
1618838319.7609332,46.92514793793579
1618838319.781939,46.9257808518358
1618838319.802864,46.926578164198745
1618838319.823463,46.928048110018025
1618838319.844358,46.92890385526668
1618838319.86506,46.93015640365282
1618838319.886486,46.92991360150176
1618838319.9074078,46.93070963886533
1618838319.9281769,46.93181710521745
1618838319.9489439,46.93293078229702
1618838319.969646,46.934173945404
1618838319.99057,46.93495702914407
1618838320.011598,46.93552946161539
1618838320.032243,46.936883688699396
1618838320.053432,46.93711957104708
1618838320.0742772,46.93806280731193
1618838320.094959,46.93933543741735
1618838320.115747,46.940389316367394
1618838320.136947,46.94060071190636
1618838320.157679,46.941763639839166
1618838320.178678,46.94238273721207
1618838320.199625,46.94310855010856
1618838320.2202592,46.94446530383939
1618838320.240963,46.94568151002581
1618838320.26237,46.945466831601166
1618838320.283184,46.94645486890883
1618838320.3037372,46.9479698692417
1618838320.3244731,46.949111775833124
1618838320.345293,46.95008176852085
1618838320.365931,46.95141776282734
1618838320.387051,46.95177631210652
1618838320.408127,46.95222698966076
1618838320.4286149,46.95385774869557
1618838320.4492428,46.9552077763656
1618838320.470131,46.956028335735255
1618838320.49113,46.95662633119574
1618838320.511669,46.9581490414871
1618838320.532354,46.959374116574104
1618838320.553535,46.95960065555603
1618838320.574348,46.96056788079711
1618838320.59537,46.96111313008859
1618838320.6162822,46.961877344261985
1618838320.6371121,46.96280401290354
1618838320.658253,46.96310629370225
1618838320.679272,46.96365331702882
1618838320.700446,46.963892530322894
1618838320.721129,46.965106748339046
1618838320.744645,46.960684591081474
1618838320.7658439,46.96087414578805
1618838320.786641,46.961861346689496
1618838320.807467,46.96278929574441
1618838320.828853,46.96260590900976
1618838320.8496451,46.9635968887671
1618838320.870723,46.964024335872885
1618838320.891517,46.96501035187103
1618838320.9124951,46.96563129103475
1618838320.933722,46.96575986062511
1618838320.9552488,46.9652968427107
1618838320.9764009,46.9655731865156
1618838320.997906,46.965154452933454
1618838321.019091,46.96536555442049
1618838321.040849,46.96445083815235
1618838321.061745,46.965227346798926
1618838321.08304,46.96522410928261
1618838321.104625,46.96465084180383
1618838321.125751,46.96497692069357
1618838321.146943,46.96517336706609
1618838321.168222,46.96519754065433
1618838321.189151,46.965908776826936
1618838321.210442,46.965910804800544
1618838321.231661,46.96605117905533
1618838321.256023,46.960076929973155
1618838321.276979,46.96073556579591
1618838321.298145,46.96098502052154
1618838321.319624,46.96062640845708
1618838321.3404338,46.96156602655753
1618838321.3619368,46.961161015254085
1618838321.383415,46.96080512671811
1618838321.404484,46.96124107520151
1618838321.426422,46.959994735212504
1618838321.448041,46.959370481265694
1618838321.469057,46.95990876877077
1618838321.4903061,46.95999697879739
1618838321.511533,46.96012740672191
1618838321.5330298,46.95973804825494
1618838321.554102,46.96016455627742
1618838321.5753338,46.96028489348585
1618838321.59664,46.96026491311289
1618838321.617441,46.961209550880966
1618838321.638634,46.96140339767998
1618838321.659811,46.96162945439922
1618838321.6814451,46.96097909201904
1618838321.702514,46.96140960408846
1618838321.723753,46.961512864933646
1618838321.74469,46.96219401195464
1618838321.766134,46.96190946718
1618838321.787754,46.96128832576437
1618838321.8092082,46.96098413367033
1618838321.830693,46.96062153516134
1618838321.8519008,46.960783821997836
1618838321.873333,46.96052260837979
1618838321.894624,46.960531107051516
1618838321.915856,46.96064947707865
1618838321.936985,46.96096072854388
1618838321.9588149,46.959947514405144
1618838321.980004,46.96014922301677
1618838322.0011442,46.96043932777579
1618838322.022919,46.959534820213875
1618838322.043634,46.96062600360778
1618838322.065053,46.96039329950982
1618838322.0866718,46.959782792573264
1618838322.107519,46.96062469721306
1618838322.128742,46.9607588858636
1618838322.150153,46.96053812060649
1618838322.1709912,46.96139601534951
1618838322.192526,46.960944613216576
1618838322.21363,46.96129898620601
1618838322.235318,46.96056411945238
1618838322.25613,46.961465809028255
1618838322.27745,46.961417358403175
1618838322.2990909,46.96076821142167
1618838322.319765,46.961926580684654
1618838322.340804,46.962401282771644
1618838322.3619971,46.962590432709746
1618838322.383116,46.962913157812416
1618838322.4039922,46.96368872039814
1618838322.4251509,46.96393758619197
1618838322.446223,46.96434742446768
1618838322.467328,46.96469356149176
1618838322.488636,46.964666876187174
1618838322.510082,46.9643830314217
1618838322.530884,46.965288478871464
1618838322.55164,46.96628112096319
1618838322.5723672,46.96732383057947
1618838322.593327,46.967933232648114
1618838322.614012,46.96905029953658
1618838322.635128,46.969373694374916
1618838322.656699,46.96885569216698
1618838322.677761,46.969277982387695
1618838322.698664,46.96998981365233
1618838322.719575,46.97068579819432
1618838322.740201,46.971903344083245
1618838322.7608562,46.97306578453018
1618838322.781866,46.97357446019079
1618838322.8026738,46.97445555593294
1618838322.8233678,46.97554181636634
1618838322.8441138,46.97653133381306
1618838322.86483,46.977574017461514
1618838322.885513,46.97867339059607
1618838322.906556,46.979116715794305
1618838322.9277198,46.979340796123076
1618838322.948525,46.980215906819446
1618838322.9692018,46.98132233149959
1618838322.990407,46.981467763694894
1618838323.011552,46.98172186928835
1618838323.032703,46.981962863943245
1618838323.053806,46.98229407830228
1618838323.075226,46.9820471153235
1618838323.095999,46.982974794827854
1618838323.1170619,46.983374888544354
1618838323.138484,46.98312582965395
1618838323.159629,46.98337714286746
1618838323.1808488,46.9834927874005
1618838323.202253,46.98327667661549
1618838323.223197,46.983889163089316
1618838323.24438,46.98407067690835
1618838323.266646,46.98230511716882
1618838323.287602,46.98289532073299
1618838323.308619,46.98337510460963
1618838323.329818,46.98352595752026
1618838323.3513741,46.98303870353661
1618838323.372101,46.98403819234534
1618838323.3934348,46.983948432794044
1618838323.4148061,46.98379983364311
1618838323.43576,46.98438195048591
1618838323.4572,46.98410296484502
1618838323.478255,46.98451093735276
1618838323.50054,46.98272681375888
1618838323.521649,46.98303908500076
1618838323.5427809,46.983309945791255
1618838323.5644732,46.98258508396737
1618838323.5853472,46.983314044219725
1618838323.6063418,46.98382713939951
1618838323.628041,46.983091181726635
1618838323.6488478,46.9839366973279
1618838323.67006,46.98406215460168
1618838323.691642,46.98353648693256
1618838323.71282,46.983723920177475
1618838323.734069,46.98378390406227
1618838323.755261,46.983947902275645
1618838323.776475,46.98407108644923
1618838323.797432,46.98464685731959
1618838323.818378,46.9852410889905
1618838323.840033,46.98458546192848
1618838323.8611012,46.984966120135994
1618838323.8820941,46.98547438639381
1618838323.903714,46.98488505958341
1618838323.9245892,46.98560124570436
1618838323.945756,46.9858046934344
1618838323.967121,46.98566117600154
1618838323.988009,46.98635232623213
1618838324.009747,46.985556610136804
1618838324.031026,46.98556383420044
1618838324.0526369,46.98498991141268
1618838324.073571,46.98560091744396
1618838324.0947719,46.985742256243476
1618838324.1165361,46.98490665455236
1618838324.137503,46.98545713091692
1618838324.158666,46.98566604216427
1618838324.1795342,46.98638703444845
1618838324.200968,46.986122803772766
1618838324.221714,46.98705563828427
1618838324.242805,46.987385694148266
1618838324.2642078,46.98717670196675
1618838324.2851179,46.987822789035135
1618838324.306349,46.987911154801324
1618838324.327837,46.987555393750384
1618838324.348655,46.988355043863756
1618838324.369869,46.9884738374969
1618838324.391813,46.987332530599446
1618838324.412562,46.98824930909497
1618838324.433957,46.988056427125606
1618838324.455008,46.98845364878151
1618838324.476777,46.98761658733804
1618838324.4975958,46.98841183917979
1618838324.518852,46.988454458457696
1618838324.54059,46.98767419914106
1618838324.561619,46.988107853054295
1618838324.5827641,46.988342301550205
1618838324.60399,46.98843785973816
1618838324.624774,46.98928862435875
1618838324.645408,46.99039426212761
1618838324.666121,46.991363430442156
1618838324.6875389,46.99112898201285
1618838324.708153,46.99226480489308
1618838324.728936,46.993111179469125
1618838324.749975,46.9935207230746
1618838324.770653,46.99454168708885
1618838324.7912478,46.995705532428445
1618838324.812149,46.99634476085038
1618838324.83313,46.99685070566024
1618838324.8543801,46.99689650962381
1618838324.875156,46.997748505100375
1618838324.895999,46.998484127819594
1618838324.9167979,46.99929137592153
1618838324.937783,46.99978474314348
1618838324.958869,47.00010848113723
1618838328.8963158,3.7102171961146606
1618838329.152391,3.805175038051751
1618838329.1907709,5.319337565161884
1618838329.227836,6.655064670590937
1618838329.481289,5.851381920868252
1618838329.733697,5.420514479097593
1618838329.989485,5.136879492476306
1618838330.243884,4.947148988957346
1618838330.4957771,4.8154428040430455
1618838330.7491999,4.7116249923436095
1618838331.004064,4.627148574375524
1618838331.2553558,4.5652250827161724
1618838331.504429,4.517592373470057
1618838331.761157,4.466613024771198
1618838332.017023,4.424475965066697
1618838332.271007,4.390519113027328
1618838332.528515,4.357048320178465
1618838332.7860548,4.327687704438164
1618838333.04152,4.3037749315982925
1618838333.29729,4.282196766941441
1618838333.552785,4.263098980632132
1618838333.806004,4.247749609834544
1618838334.059364,4.233720516278288
1618838334.314396,4.219701575671733
1618838334.570722,4.20597005483912
1618838334.825226,4.194606510416499
1618838335.07879,4.1847489150650965
1618838335.334559,4.174264822516223
1618838335.5909429,4.164181918461585
1618838335.6253572,4.286592424791022
1618838335.659369,4.408055707586079
1618838335.914388,4.391021568423505
1618838336.168594,4.375610928101552
1618838336.42382,4.360634754515501
1618838336.679164,4.346543721572828
1618838336.933378,4.333909943999864
1618838337.1885052,4.321564079159375
1618838337.4439979,4.30975477835555
1618838337.698339,4.2991555245967366
1618838337.951977,4.289458676749182
1618838338.204268,4.280876894823136
1618838338.45939,4.2715049935927425
1618838338.713686,4.262956612222432
1618838338.968965,4.254424649981716
1618838339.223142,4.2467445400077315
1618838339.475347,4.240195653688841
1618838339.729818,4.233079480660591
1618838339.981536,4.227307242275609
1618838340.2409668,4.218981680751034
1618838340.49821,4.211796061465267
1618838340.753246,4.20568053848544
1618838341.009689,4.199339750732038
1618838341.266847,4.193019398015325
1618838341.522804,4.187340042641079
1618838341.7803688,4.181371791006219
1618838342.0359712,4.176243439196133
1618838342.2912629,4.171401573364855
1618838342.330354,4.232475580805111
1618838342.3680708,4.293632034279194
1618838342.405494,4.354546287847267
1618838342.660512,4.346673893071395
1618838342.912488,4.340004947605641
1618838342.951565,4.397974837301109
1618838343.203632,4.390525739388545
1618838343.460552,4.381895840043813
1618838343.495471,4.438860746212845
1618838343.529967,4.495685718555178
1618838343.7827241,4.48669148334903
1618838344.036042,4.4778292937256134
1618838344.292078,4.468478332476237
1618838344.54532,4.460210836050816
1618838344.8005672,4.451650347349292
1618838345.058623,4.4425962703004584
1618838345.3175821,4.433582300947733
1618838345.573079,4.425747464489278
1618838345.8298109,4.417828705783711
1618838346.08623,4.4102216336835545
1618838346.342603,4.402846451520258
1618838346.600409,4.395330978993768
1618838346.856226,4.388506829750895
1618838347.112117,4.381853780568772
1618838347.367929,4.375401089549573
1618838347.626125,4.368573952719925
1618838347.881661,4.362532472951909
1618838348.139148,4.35621363650667
1618838348.3943,4.350573678786421
1618838348.652786,4.344353209698035
1618838348.926753,4.334983270659163
1618838349.185428,4.329080554849986
1618838349.4437308,4.323401998564631
1618838349.70143,4.3179859774591645
1618838349.9576802,4.312993972590923
1618838350.217304,4.30744724280302
1618838350.476022,4.302210910763861
1618838350.7345998,4.297123957551652
1618838350.992395,4.2923050818433035
1618838351.250894,4.287462800182619
1618838351.508285,4.282936932224053
1618838351.76528,4.27858516264458
1618838352.022517,4.274284787132283
1618838352.278416,4.270319512070755
1618838352.535567,4.266215708147682
1618838352.793514,4.262058854150029
1618838353.052795,4.257757429336374
1618838353.311738,4.25360426118783
1618838353.567683,4.250048474609488
1618838353.823814,4.246533241385967
1618838354.081556,4.24282038184912
1618838354.336758,4.23960092986506
1618838354.592213,4.236403158153826
1618838354.851444,4.232658322203221
1618838355.106553,4.2296451067179115
